Date,Close,Return,Log_Return,MA_7,Volatility,news_sentiment,news_avg_1d,news_avg_3d,news_avg_5d,news_avg_7d,news_avg_10d,reddit_sentiment,reddit_avg_1d,reddit_avg_3d,reddit_avg_5d,reddit_avg_7d,reddit_avg_10d,news_sentiment_label,reddit_sentiment_label,news_avg_1d_sentiment,news_avg_3d_sentiment,news_avg_5d_sentiment,news_avg_7d_sentiment,news_avg_10d_sentiment,reddit_avg_1d_sentiment,reddit_avg_3d_sentiment,reddit_avg_5d_sentiment,reddit_avg_7d_sentiment,reddit_avg_10d_sentiment
2024-11-01,135.3906707763672,0.0,0.0,142.6673126220703,5.013364315443528,0.2967959999999999,0.2967959999999999,0.3279829583333333,0.2584694583333333,0.2835784702380952,0.3030981105555555,0.8723519187358916,0.8723519187358916,0.7561815812826663,0.5541643763782449,0.6311252241987464,0.4349827270073394,Neutral,Positive,Neutral,Neutral,Negative,Neutral,Neutral,Positive,Positive,Neutral,Positive,Neutral
2024-11-02,136.04063415527344,0.004800651146634971,0.0047891647676490765,142.6673126220703,5.013364315443528,0.46411125,0.46411125,0.40622375,0.304363875,0.3091114107142857,0.3106948466666667,0.5736928251121076,0.5736928251121076,0.7561815812826663,0.5541643763782449,0.6311252241987464,0.4349827270073394,Positive,Neutral,Positive,Positive,Neutral,Neutral,Neutral,Neutral,Positive,Neutral,Positive,Neutral
2024-11-03,136.04063415527344,0.004800651146634971,0.0047891647676490765,142.6673126220703,5.013364315443528,0.344659,0.344659,0.3685220833333333,0.358543825,0.3001596488095238,0.3092800666666667,0.8225,0.8225,0.7561815812826663,0.5541643763782449,0.6311252241987464,0.4349827270073394,Neutral,Positive,Neutral,Positive,Positive,Neutral,Neutral,Positive,Positive,Neutral,Positive,Neutral
2024-11-04,136.04063415527344,0.004800651146634971,0.0047891647676490765,142.6673126220703,5.013364315443528,0.27201,0.27201,0.3602600833333333,0.36706805,0.3054983392857143,0.3065829541666666,0.8225,0.8225,0.7561815812826663,0.5541643763782449,0.6311252241987464,0.4349827270073394,Neutral,Positive,Neutral,Neutral,Positive,Neutral,Neutral,Positive,Positive,Neutral,Positive,Neutral
2024-11-05,139.90036010742188,0.028371860923134484,0.02797683403907695,142.6673126220703,5.013364315443528,0.323438,0.323438,0.313369,0.34020285,0.3411667321428571,0.3103886875,0.8870596153846153,0.8870596153846153,0.761084146832241,0.5541643763782449,0.6311252241987464,0.4349827270073394,Neutral,Positive,Neutral,Neutral,Neutral,Neutral,Neutral,Positive,Positive,Neutral,Positive,Neutral
2024-11-06,145.59996032714844,0.040740425652586953,0.039932407581583104,142.6673126220703,5.013364315443528,0.3507879,0.3507879,0.3154119666666666,0.3510012299999999,0.35850945,0.3047353441666666,-0.3847824773413897,-0.3847824773413897,0.4415923793477418,0.5541643763782449,0.6311252241987464,0.4349827270073394,Neutral,Negative,Neutral,Neutral,Neutral,Positive,Neutral,Negative,Neutral,Neutral,Positive,Neutral
2024-11-07,148.8697509765625,0.02245735948050509,0.022208905845703102,142.6673126220703,5.013364315443528,0.337153,0.337153,0.3371263,0.3256095799999999,0.3412793071428571,0.3149867274999999,0.9996,0.9996,0.5006257126810753,0.5796139926310666,0.6311252241987464,0.4349827270073394,Neutral,Positive,Neutral,Neutral,Neutral,Neutral,Neutral,Positive,Neutral,Neutral,Positive,Neutral
2024-11-08,147.6198272705078,-0.008396089184373512,-0.00843153488411645,142.6673126220703,5.013364315443528,0.4303412,0.4303412,0.3727607,0.34274602,0.3603571928571428,0.3506449225,0.6474546875,0.6474546875,0.42075740338620343,0.5943663651086452,0.6311252241987464,0.4349827270073394,Positive,Neutral,Positive,Positive,Neutral,Positive,Positive,Neutral,Neutral,Positive,Positive,Neutral
2024-11-09,145.24998474121094,-0.016053687184948595,-0.01618394356564809,142.6673126220703,5.013364315443528,0.3292315,0.3292315,0.3655752333333333,0.35419032,0.3410886571428571,0.3606291849999999,0.9982,0.9982,0.8817515625,0.6295063651086451,0.6491035215221904,0.4349827270073394,Neutral,Positive,Neutral,Neutral,Neutral,Neutral,Positive,Positive,Positive,Positive,Positive,Neutral
2024-11-10,145.24998474121094,-0.016053687184948595,-0.01618394356564809,142.6673126220703,5.013364315443528,0.332782,0.332782,0.3641182333333333,0.3560591199999999,0.3393919428571428,0.3481309849999999,-0.4854,-0.4854,0.3867515625,0.35501444203172206,0.49780454650617506,0.4349827270073394,Neutral,Negative,Neutral,Neutral,Positive,Neutral,Positive,Negative,Neutral,Neutral,Neutral,Neutral
2024-11-11,145.24998474121094,-0.016053687184948595,-0.01618394356564809,142.6673126220703,5.013364315443528,0.299939,0.299939,0.3206508333333333,0.34588934,0.3433818,0.348445285,0.6351,0.6351,0.5564025372279496,0.4777815223367698,0.4390905140140101,0.4349827270073394,Neutral,Neutral,Neutral,Neutral,Neutral,Neutral,Positive,Neutral,Neutral,Neutral,Neutral,Neutral
2024-11-12,148.27976989746094,0.020859108258414638,0.02064453579018951,144.50861249651228,5.013364315443528,0.1579085714285714,0.1579085714285714,0.2635431904761905,0.3100404542857143,0.3197347387755102,0.3178250171428571,0.6351,0.6351,0.5564025372279496,0.4777815223367698,0.4390905140140101,0.4349827270073394,Negative,Neutral,Negative,Neutral,Neutral,Neutral,Neutral,Neutral,Neutral,Neutral,Neutral,Neutral
2024-11-13,146.25991821289062,-0.013621896540351286,-0.01371552581751487,145.968510219029,5.013364315443528,0.3330628333333333,0.3330628333333333,0.2636368015873016,0.290584780952381,0.3172025863945578,0.3166654004761905,0.8712342783505155,0.8712342783505155,0.5564025372279496,0.4777815223367698,0.4390905140140101,0.4349827270073394,Neutral,Positive,Neutral,Neutral,Neutral,Neutral,Neutral,Positive,Neutral,Neutral,Neutral,Neutral
2024-11-14,146.7498779296875,0.0033499247284118905,0.0033443262301166695,146.94701276506697,5.013364315443528,0.3128245,0.3128245,0.2679319682539682,0.2873033809523809,0.3137270863945578,0.3207468504761905,0.16287333333333337,0.16287333333333337,0.5564025372279496,0.4777815223367698,0.4390905140140101,0.4349827270073394,Neutral,Negative,Neutral,Neutral,Neutral,Neutral,Neutral,Negative,Neutral,Neutral,Neutral,Neutral
2024-11-15,141.97021484375,-0.03257013330006031,-0.03311234590469789,146.42847769601005,4.108615305517056,0.3466221111111111,0.3466221111111111,0.3308364814814815,0.2900714031746032,0.301767216553288,0.3230652615873016,0.16287333333333337,0.16287333333333337,0.5564025372279496,0.4777815223367698,0.4390905140140101,0.4349827270073394,Neutral,Negative,Neutral,Neutral,Neutral,Neutral,Neutral,Negative,Neutral,Neutral,Neutral,Neutral
2024-11-16,140.1403350830078,-0.012889180753555385,-0.01297296697967849,145.1814182826451,3.2732684629644866,0.341099,0.341099,0.3335152037037037,0.2983034031746031,0.3034625736961451,0.3220963715873016,0.9929,0.9929,0.6756692038946163,0.4777815223367698,0.4390905140140101,0.4349827270073394,Neutral,Positive,Neutral,Neutral,Neutral,Neutral,Neutral,Positive,Positive,Neutral,Neutral,Neutral
2024-11-17,140.1403350830078,-0.012889180753555385,-0.01297296697967849,145.1814182826451,3.2732684629644866,0.28837275,0.28837275,0.3253646203703703,0.3243962388888889,0.2971183951247165,0.3172183465873016,-0.2732,-0.2732,0.2941911111111112,0.4777815223367698,0.4390905140140101,0.4349827270073394,Neutral,Negative,Neutral,Neutral,Neutral,Neutral,Neutral,Negative,Negative,Neutral,Neutral,Neutral
2024-11-18,140.1403350830078,-0.012889180753555385,-0.01297296697967849,145.1814182826451,3.2732684629644866,0.303204,0.303204,0.3108919166666666,0.3184244722222222,0.2975848236961451,0.3045046265873016,0.019972727272727274,0.019972727272727274,0.24655757575757575,0.35475606779131524,0.4390905140140101,0.4349827270073394,Neutral,Negative,Neutral,Neutral,Neutral,Neutral,Neutral,Negative,Negative,Neutral,Neutral,Neutral
2024-11-19,146.99986267089844,0.04894756091333452,0.04778733856819868,145.09285191127233,2.758273864773882,0.3110645555555555,0.3110645555555555,0.3008804351851852,0.3180724833333334,0.3194642499999999,0.3026879321428571,0.6647532591414945,0.6647532591414945,0.13717532880474062,0.3134598639495111,0.4390905140140101,0.4349827270073394,Neutral,Neutral,Neutral,Neutral,Neutral,Neutral,Neutral,Neutral,Negative,Negative,Neutral,Neutral
2024-11-20,145.87994384765625,-0.007618502513498604,-0.007647671547787279,145.18284606933594,2.757732472738944,0.3727232,0.3727232,0.3289972518518518,0.3232927011111111,0.3251300166666667,0.3066820521428571,0.27728328236493377,0.27728328236493377,0.32066975625971855,0.3363418537558311,0.3879738400661435,0.4349827270073394,Neutral,Neutral,Neutral,Neutral,Neutral,Neutral,Neutral,Neutral,Neutral,Neutral,Neutral,Neutral
2024-11-21,146.65989685058594,0.0053465403286978574,0.0053322983230398545,144.95143563406808,2.566495958422304,0.3951887,0.3951887,0.3596588185185185,0.3341106411111111,0.336896330952381,0.3162070221428571,0.9989103896103896,0.9989103896103896,0.6469823103722726,0.3375439316779091,0.40621328453183975,0.4349827270073394,Neutral,Positive,Neutral,Neutral,Neutral,Neutral,Neutral,Positive,Positive,Neutral,Neutral,Neutral
2024-11-22,141.94021606445312,-0.03218112713485077,-0.032710324022450055,144.33433532714844,2.6906089245159017,0.32563425,0.32563425,0.3645153833333333,0.3415629411111111,0.333898065079365,0.33297959,0.0,0.0,0.4253978906584412,0.39218393167790905,0.38294566548422065,0.4349827270073394,Neutral,Negative,Neutral,Neutral,Neutral,Neutral,Neutral,Negative,Neutral,Neutral,Neutral,Neutral
2024-11-23,136.01063537597656,-0.04177519841018151,-0.042672871347091725,142.80015781947546,3.9101616060413216,0.156892,0.156892,0.29257165,0.3123005411111111,0.3075827793650793,0.3153625066666666,0.8674499999999999,0.8674499999999999,0.6221201298701299,0.5616793862233636,0.3650242369127921,0.45821772700733937,Negative,Positive,Negative,Neutral,Neutral,Neutral,Neutral,Positive,Neutral,Neutral,Neutral,Neutral
2024-11-24,136.01063537597656,-0.04177519841018151,-0.042672871347091725,142.80015781947546,3.9101616060413216,0.1919252,0.1919252,0.22481715,0.28847267,0.2938045579365079,0.3032725766666667,0.9772849624060151,0.9772849624060151,0.6149116541353384,0.6241857268762676,0.5436649458279372,0.46882279541288935,Negative,Positive,Negative,Negative,Neutral,Neutral,Neutral,Positive,Neutral,Positive,Neutral,Neutral
2024-11-25,136.01063537597656,-0.04177519841018151,-0.042672871347091725,142.80015781947546,3.9101616060413216,0.3640305714285715,0.3640305714285715,0.2376159238095238,0.2867341442857143,0.3024940681405895,0.3050134226984127,0.9772849624060151,0.9772849624060151,0.6149116541353384,0.6241857268762676,0.5436649458279372,0.46882279541288935,Neutral,Positive,Neutral,Negative,Neutral,Neutral,Neutral,Positive,Neutral,Positive,Neutral,Neutral
2024-11-26,136.9105682373047,0.0066166359626247395,0.00659484210873764,142.07735116141183,4.198508397909816,0.298489,0.298489,0.2848149238095238,0.2673942042857143,0.3006975602040816,0.3007524226984127,0.9772849624060151,0.9772849624060151,0.6149116541353384,0.6241857268762676,0.5436649458279372,0.46882279541288935,Neutral,Positive,Neutral,Neutral,Neutral,Neutral,Neutral,Positive,Neutral,Positive,Neutral,Neutral
2024-11-27,135.33067321777344,-0.01153961333936504,-0.011606711367037066,141.39025660923548,4.640976017726999,0.3549823333333333,0.3549823333333333,0.3391673015873016,0.2732638209523809,0.2981631506802721,0.307413381031746,0.40399548022598875,0.40399548022598875,0.749576814210668,0.6495281664484788,0.5985253391069746,0.4929350101021549,Neutral,Neutral,Neutral,Neutral,Neutral,Neutral,Neutral,Neutral,Positive,Positive,Positive,Neutral
2024-11-28,138.240478515625,0.021501447001369245,0.021273551820174423,140.138916015625,4.419448604771819,0.2295845,0.2295845,0.2943519444444444,0.2878023209523809,0.2745054078231292,0.300051431031746,0.5426498829039813,0.5426498829039813,0.6413101085119951,0.5582760651071971,0.5810819996444726,0.447909998392553,Neutral,Neutral,Neutral,Neutral,Neutral,Neutral,Neutral,Neutral,Positive,Neutral,Positive,Neutral
2024-11-29,138.240478515625,0.021501447001369245,0.021273551820174423,140.138916015625,4.419448604771819,0.4281032857142857,0.4281032857142857,0.3375567063492063,0.3350379380952381,0.2891438414965986,0.3117553040476191,0.49834773139745914,0.49834773139745914,0.4816643648424764,0.6579456113866888,0.6126626352205476,0.525064771532299,Positive,Neutral,Positive,Neutral,Neutral,Neutral,Neutral,Neutral,Neutral,Positive,Positive,Positive
2024-11-30,138.62045288085938,0.002748647641518609,0.002744877017421039,139.10184587751115,4.465149735836808,0.418499,0.418499,0.3587289285714286,0.3459316238095238,0.3265162700680272,0.316332884047619,0.9663681899109793,0.9663681899109793,0.6691219347374732,0.6777292493688848,0.6080137495492034,0.6197043177961241,Positive,Positive,Positive,Neutral,Neutral,Neutral,Neutral,Positive,Positive,Positive,Positive,Positive
2024-12-01,138.62045288085938,0.002748647641518609,0.002744877017421039,139.10184587751115,4.465149735836808,0.4135459090909091,0.4135459090909091,0.4200493982683982,0.3689430056277056,0.3581763713667285,0.3181686049567099,0.594,0.594,0.6862386404361461,0.6010722568876817,0.6928708924063463,0.6126289918819746,Positive,Neutral,Positive,Positive,Positive,Positive,Neutral,Neutral,Positive,Positive,Positive,Positive
2024-12-02,138.62045288085938,0.002748647641518609,0.002744877017421039,139.10184587751115,4.465149735836808,0.4135459090909091,0.4135459090909091,0.4200493982683982,0.3689430056277056,0.3581763713667285,0.3181686049567099,0.9952444444444445,0.9952444444444445,0.8518708781184746,0.7193220497313728,0.7111272416126955,0.6844251080899257,Positive,Positive,Positive,Positive,Positive,Positive,Neutral,Positive,Positive,Positive,Positive,Positive
2024-12-03,140.25033569335938,0.011757881168523054,0.011689294383748928,138.18619428362166,4.4638261525179965,0.3168142,0.3168142,0.3829530363636363,0.361309378961039,0.3514311754483611,0.3172865999567099,0.03911875423155044,0.03911875423155044,0.5427877328919983,0.6186158239968867,0.5771034975877719,0.5884459445520418,Neutral,Negative,Neutral,Positive,Positive,Positive,Neutral,Negative,Neutral,Positive,Positive,Positive
2024-12-04,145.1300048828125,0.03479256691493382,0.0342009881911956,138.64187840053015,4.2013231012802725,0.2989093333333333,0.2989093333333333,0.3430898141414141,0.3751743456277056,0.3514912230674087,0.3314883332900432,0.5318710610932476,0.5318710610932476,0.5220780865897475,0.6253204899360444,0.595371437711666,0.6416330506613666,Neutral,Neutral,Neutral,Neutral,Positive,Positive,Neutral,Neutral,Neutral,Positive,Positive,Positive
2024-12-05,145.05999755859375,-0.0004823766406903962,-0.00048249302172997287,139.9346444266183,4.091158474233524,0.3816262,0.3816262,0.3324499111111111,0.3658789284848485,0.3552974897340754,0.3504584332900433,0.5269146401985112,0.5269146401985112,0.36596815184110304,0.5374297799935508,0.5931235458965988,0.6075795146812177,Neutral,Neutral,Neutral,Neutral,Positive,Positive,Positive,Neutral,Neutral,Neutral,Positive,Positive
2024-12-06,142.44000244140625,-0.018061458439837752,-0.01822655755547695,140.7245635986328,3.5584343786381405,0.3287746666666666,0.3287746666666666,0.3364367333333333,0.3479340618181818,0.3694675135435993,0.3469328428138528,0.17483038305281487,0.17483038305281487,0.4112053614481912,0.4535958566041137,0.546906781847364,0.5273340567458977,Neutral,Neutral,Neutral,Neutral,Neutral,Positive,Positive,Neutral,Neutral,Neutral,Neutral,Positive
2024-12-07,138.80999755859375,-0.02548444833329544,-0.025814801550566313,141.22160993303572,3.5054278734469686,0.2548645,0.2548645,0.3217551222222222,0.31619778,0.3447191155844156,0.3425703928138528,0.4299823273990447,0.4299823273990447,0.3772424502167902,0.3405434331950338,0.47028023005994474,0.5299327414632032,Neutral,Neutral,Neutral,Neutral,Neutral,Neutral,Neutral,Neutral,Neutral,Neutral,Neutral,Positive
2024-12-08,138.80999755859375,-0.02548444833329544,-0.025814801550566313,141.22160993303572,3.5054278734469686,0.3599243333333333,0.3599243333333333,0.3145211666666667,0.3248198066666666,0.3363513060606061,0.3430645928138528,0.5170663043478261,0.5170663043478261,0.37395967159989524,0.4361329432182889,0.45928970210963416,0.5273743836075878,Neutral,Neutral,Neutral,Neutral,Neutral,Neutral,Positive,Neutral,Neutral,Neutral,Neutral,Positive
2024-12-09,138.80999755859375,-0.02548444833329544,-0.025814801550566313,141.22160993303572,3.5054278734469686,0.0312426,0.0312426,0.2153438111111111,0.27128646,0.2817365476190476,0.3232304028138528,0.45129500916683646,0.45129500916683646,0.4661145469712358,0.4200177328330067,0.3815826399271187,0.5226691113845254,Negative,Neutral,Negative,Negative,Neutral,Neutral,Neutral,Neutral,Neutral,Neutral,Neutral,Positive
2024-12-10,135.07000732421875,-0.026943233917976928,-0.02731285720087603,140.76868547712053,3.625406194994281,0.354995,0.354995,0.2487206444444444,0.26596022,0.2871909476190475,0.3159195742424242,0.46914396135265696,0.46914396135265696,0.4791684249557731,0.40846359706383584,0.4430148123729912,0.4729466885286933,Neutral,Neutral,Neutral,Negative,Neutral,Neutral,Neutral,Neutral,Neutral,Neutral,Neutral,Neutral
2024-12-11,139.30999755859375,0.03139105652224794,0.030908431395117453,140.867191859654,3.506081039988947,0.4273145,0.4273145,0.2711840333333333,0.2856681866666666,0.3055345428571429,0.3168011242424242,0.050640000000000004,0.050640000000000004,0.3236929901731645,0.3836255204532729,0.3742675179310986,0.4186106885286932,Positive,Negative,Positive,Neutral,Neutral,Neutral,Neutral,Negative,Neutral,Neutral,Neutral,Neutral
2024-12-12,137.33999633789062,-0.014141133122011151,-0.014242071665164734,140.45142909458704,3.2694064876825735,0.2875991428571428,0.2875991428571428,0.3566362142857143,0.2922151152380952,0.2921021061224489,0.3042064476190476,0.6288477797513321,0.6288477797513321,0.382877247034663,0.4233986109237303,0.388829395010073,0.38197102205938205,Neutral,Neutral,Neutral,Neutral,Neutral,Neutral,Neutral,Neutral,Neutral,Neutral,Neutral,Neutral
2024-12-13,134.25,-0.02249888175538073,-0.022755843139005326,138.8971426827567,3.7236759216380424,0.1396833333333333,0.1396833333333333,0.2848656587301587,0.2481669152380952,0.2650890585034013,0.2864933609523809,0.31236268459915617,0.31236268459915617,0.33061682145016275,0.38245788697399635,0.40847686665955035,0.40929541509614265,Negative,Neutral,Negative,Neutral,Negative,Negative,Neutral,Neutral,Neutral,Neutral,Neutral,Neutral
2024-12-14,132.0,-0.016759776536312887,-0.016901810802603254,137.03142874581474,4.441985335473852,0.2265316666666666,0.2265316666666666,0.2179380476190476,0.2872247285714285,0.2610415108843537,0.2792555942857143,-0.1308931386861314,-0.1308931386861314,0.2701057752214523,0.26602025740340285,0.3283518000759538,0.34301899511820466,Neutral,Negative,Neutral,Negative,Neutral,Negative,Neutral,Negative,Negative,Negative,Negative,Negative
2024-12-15,132.0,-0.016759776536312887,-0.016901810802603254,137.03142874581474,4.441985335473852,0.4821566666666666,0.4821566666666666,0.2827905555555555,0.3126570619047618,0.2785032727891156,0.2893086409523809,0.5638864406779661,0.5638864406779661,0.2484519955303303,0.28496875326846466,0.33504039098025945,0.34671617516615016,Positive,Neutral,Positive,Neutral,Neutral,Neutral,Neutral,Neutral,Negative,Negative,Negative,Negative
2024-12-16,132.0,-0.016759776536312887,-0.016901810802603254,137.03142874581474,4.441985335473852,0.2247951666666666,0.2247951666666666,0.3111611666666666,0.2721531952380952,0.3061536394557823,0.2789106909523809,0.5234755745831455,0.5234755745831455,0.31882295885832673,0.37953586818509377,0.3453519003254465,0.38158069431918323,Neutral,Neutral,Neutral,Neutral,Neutral,Neutral,Neutral,Neutral,Neutral,Neutral,Negative,Neutral
2024-12-17,130.38999938964844,-0.01219697432084521,-0.01227196783195912,135.30999973842077,5.161367366310973,0.1784281818181818,0.1784281818181818,0.2951266717171717,0.250319003030303,0.2809298082869511,0.2712670591341991,0.22633853211009178,0.22633853211009178,0.4379001824570678,0.2990340186568457,0.3106654104336514,0.36121631479028793,Negative,Neutral,Negative,Neutral,Negative,Neutral,Negative,Neutral,Neutral,Negative,Negative,Negative
2024-12-18,128.91000366210938,-0.011350530979882478,-0.011415439891134258,133.89571489606584,5.2131334946271215,0.2242911666666666,0.2242911666666666,0.209171505050505,0.2672405696969697,0.2519264749536178,0.2577037424675324,0.8100305263157894,0.8100305263157894,0.5199482110030089,0.39856758700017236,0.41914977133590714,0.39051273698708433,Neutral,Positive,Neutral,Negative,Neutral,Negative,Negative,Positive,Neutral,Neutral,Neutral,Neutral
2024-12-19,130.67999267578125,0.013730424043049805,0.013637015822614814,133.26856994628906,4.477442280569516,0.2043811999999999,0.2043811999999999,0.2023668494949495,0.2628104763636363,0.2400381974025974,0.2750176024675325,0.0243848874598071,0.0243848874598071,0.35358464862856276,0.42962319222936,0.33279792957997495,0.3478217248163814,Negative,Negative,Negative,Negative,Neutral,Negative,Neutral,Negative,Neutral,Neutral,Negative,Negative
2024-12-20,134.6999969482422,0.030762201544000778,0.030298530074465566,132.60999843052454,3.6199232002130493,-0.090489,-0.090489,0.1127277888888888,0.148281343030303,0.2071564354978355,0.2304692024675325,0.9748201680672269,0.9748201680672269,0.6030785272809411,0.5118099377072122,0.4274347129325565,0.3983893454878384,Negative,Positive,Negative,Negative,Negative,Negative,Negative,Positive,Neutral,Neutral,Neutral,Neutral
2024-12-21,139.6699981689453,0.03689681761917796,0.036232423447457925,132.94285583496094,3.7508861129020916,0.430543,0.430543,0.1814784,0.1894309096969696,0.2363009116883117,0.2307920524675324,0.3182,0.3182,0.4391350185090113,0.4707548227905831,0.4915908756020038,0.42514534548783833,Positive,Neutral,Positive,Negative,Negative,Negative,Negative,Neutral,Neutral,Neutral,Neutral,Neutral
2024-12-22,139.6699981689453,0.03689681761917796,0.036232423447457925,132.94285583496094,3.7508861129020916,-0.1991805,-0.1991805,0.0469578333333333,0.1139091733333333,0.1389670307359307,0.1821140881818182,-0.0025,-0.0025,0.4301733893557423,0.4249871163685648,0.4106785269337229,0.3620105675127051,Negative,Negative,Negative,Negative,Negative,Negative,Negative,Negative,Neutral,Neutral,Neutral,Negative
2024-12-23,139.6699981689453,0.03689681761917796,0.036232423447457925,132.94285583496094,3.7508861129020916,0.4031358333333333,0.4031358333333333,0.2114994444444444,0.1496781066666666,0.1644442688311688,0.2084593381818182,0.1735578947368421,0.1735578947368421,0.1630859649122807,0.29769259005277526,0.3606902869556796,0.34813008852647376,Positive,Neutral,Positive,Negative,Negative,Negative,Negative,Neutral,Negative,Negative,Neutral,Negative
2024-12-24,140.22000122070312,0.003937875413247527,0.003930142276633342,133.79571315220423,4.204811879667919,0.3676687777777778,0.3676687777777778,0.1905413703703703,0.1823356222222222,0.1914786396825396,0.2225730492929293,0.6511078431372549,0.6511078431372549,0.2740552459580323,0.42303718118826483,0.4213716171024173,0.4263301867088124,Neutral,Neutral,Neutral,Negative,Negative,Negative,Negative,Neutral,Negative,Neutral,Neutral,Neutral
2024-12-25,139.92999267578125,-0.0020682394979116836,-0.0020703812588479618,134.92856924874442,4.283404865734903,0.468371,0.468371,0.413058537037037,0.2941076222222222,0.2263471873015873,0.2211944826262626,0.0,0.0,0.2748885792913657,0.22807314757481945,0.3056529704858759,0.3699415426410158,Positive,Negative,Positive,Positive,Neutral,Negative,Negative,Negative,Negative,Negative,Negative,Negative
2024-12-26,139.92999267578125,-0.0020682394979116836,-0.0020703812588479618,134.92856924874442,4.283404865734903,0.4225555,0.4225555,0.4195317592592593,0.2925101222222223,0.2575149444444444,0.2409705159595959,0.836,0.836,0.495702614379085,0.33163314757481943,0.42159798656304626,0.4011939851827012,Positive,Positive,Positive,Positive,Neutral,Negative,Negative,Positive,Neutral,Neutral,Neutral,Neutral
2024-12-27,137.00999450683594,-0.02086756465221129,-0.021088369453746498,135.87428283691406,4.262961388274628,0.47491425,0.47491425,0.45528025,0.4273290722222223,0.3382868373015873,0.2706191227777778,0.7746224977043159,0.7746224977043159,0.5368741659014387,0.4870576471156826,0.3929983193683447,0.4560223817421236,Positive,Positive,Positive,Positive,Positive,Neutral,Negative,Positive,Neutral,Neutral,Neutral,Neutral
2024-12-28,137.49000549316406,0.0035034742396415908,0.003497351370476491,137.0999973842076,4.340954297104144,0.4207946666666666,0.4207946666666666,0.4394214722222222,0.4308608388888889,0.3368942182539682,0.2902694727777778,0.7579,0.7579,0.789507499234772,0.6039260681683142,0.45581260508263044,0.4508093291105447,Positive,Positive,Positive,Positive,Positive,Neutral,Neutral,Positive,Positive,Positive,Neutral,Neutral
2024-12-29,137.49000549316406,0.0035034742396415908,0.003497351370476491,137.0999973842076,4.340954297104144,0.3706393333333334,0.3706393333333334,0.4221160833333333,0.43145495,0.4182970515873015,0.306895286111111,0.2961949152542373,0.2961949152542373,0.6095724709861845,0.5329434825917108,0.4984833072618072,0.47799033188998774,Neutral,Neutral,Neutral,Positive,Positive,Positive,Neutral,Neutral,Neutral,Neutral,Neutral,Neutral
2024-12-30,137.49000549316406,0.0035034742396415908,0.003497351370476491,137.0999973842076,4.340954297104144,0.4004122,0.4004122,0.3972820666666667,0.41786319,0.4179079611111111,0.3559854061111111,0.6094389721627409,0.6094389721627409,0.5545112958056594,0.6548312770242589,0.5607520326083641,0.44145221229953907,Positive,Neutral,Positive,Positive,Positive,Positive,Positive,Neutral,Neutral,Positive,Neutral,Neutral
2024-12-31,134.2899932861328,-0.0232745078127905,-0.023549636544536456,137.61571175711495,4.217907180184708,0.171149,0.171149,0.3140668444444445,0.36758189,0.3898337071428571,0.3300460061111111,0.9992,0.9992,0.9215969942227381,0.7325091525377967,0.6642305029093175,0.5556962213829905,Negative,Positive,Negative,Neutral,Positive,Positive,Neutral,Positive,Positive,Positive,Positive,Positive
2025-01-01,138.30999755859375,0.029935248145373627,0.029495934387124223,138.13142613002233,3.9205539000140854,0.505027,0.505027,0.3588627333333334,0.37360444,0.3950702785714285,0.4004667561111111,0.9992,0.9992,0.9215969942227381,0.7325091525377967,0.6642305029093175,0.5556962213829905,Positive,Positive,Positive,Neutral,Positive,Positive,Positive,Positive,Positive,Positive,Positive,Positive
2025-01-02,138.30999755859375,0.029935248145373627,0.029495934387124223,138.13142613002233,3.9205539000140854,0.4100806,0.4100806,0.3620855333333333,0.3714616266666667,0.39328815,0.4011612327777777,0.8246818604651163,0.8246818604651163,0.9215969942227381,0.7325091525377967,0.6642305029093175,0.5556962213829905,Positive,Positive,Positive,Neutral,Positive,Positive,Positive,Positive,Positive,Positive,Positive,Positive
2025-01-03,144.47000122070312,0.04453766011744564,0.04357435700589761,138.81714085170202,3.827281611728286,0.4336074444444444,0.4336074444444444,0.4495716814814814,0.3840552488888889,0.3873871777777777,0.4077550994444444,0.9409091222030981,0.9409091222030981,0.9215969942227381,0.7325091525377967,0.6642305029093175,0.5556962213829905,Positive,Positive,Positive,Positive,Positive,Positive,Positive,Positive,Positive,Positive,Positive,Positive
2025-01-04,149.42999267578125,0.03433232791007512,0.03375612474810426,140.13285391671317,4.5442434229136355,0.343736,0.343736,0.3958080148148148,0.3727200088888889,0.3763787968253968,0.3952915994444445,0.0002809210996072831,0.0002809210996072831,0.5886239679226072,0.7325091525377967,0.6642305029093175,0.5556962213829905,Neutral,Negative,Neutral,Positive,Positive,Positive,Positive,Negative,Neutral,Positive,Positive,Positive
2025-01-05,149.42999267578125,0.03433232791007512,0.03375612474810426,140.13285391671317,4.5442434229136355,0.3500475,0.3500475,0.3757969814814815,0.4084997088888888,0.3734371063492063,0.3880407994444444,0.897473858921162,0.897473858921162,0.6128879674079558,0.7325091525377967,0.6642305029093175,0.5556962213829905,Neutral,Positive,Neutral,Positive,Positive,Positive,Positive,Positive,Neutral,Positive,Positive,Positive
2025-01-06,149.42999267578125,0.03433232791007512,0.03375612474810426,140.13285391671317,4.5442434229136355,0.3502672,0.3502672,0.3480169,0.3775477488888888,0.3662735349206349,0.3755760944444444,0.944537103448276,0.944537103448276,0.6140972944896819,0.721576573227452,0.6642305029093175,0.5556962213829905,Neutral,Positive,Neutral,Neutral,Positive,Positive,Positive,Positive,Neutral,Positive,Positive,Positive
2025-01-07,140.13999938964844,-0.06216953584605567,-0.0641860881518318,140.16285487583704,4.212360253490162,0.3415066956521739,0.3415066956521739,0.3472737985507246,0.3638329680193236,0.3906103485852312,0.3676472973429951,0.04253065422796316,0.04253065422796316,0.6281805388658005,0.5651463319800214,0.6642305029093175,0.5556962213829905,Neutral,Negative,Neutral,Neutral,Positive,Positive,Positive,Negative,Neutral,Neutral,Positive,Positive
2025-01-08,140.11000061035156,-0.0002140629329779875,-0.00021408584771781436,140.605712890625,4.209713245493824,0.2837406,0.2837406,0.3251714985507246,0.3338595991304348,0.3589980057280884,0.3589574240096618,0.39394456350456986,0.39394456350456986,0.4603374403936031,0.4557534202403157,0.5777654405528275,0.5556962213829905,Neutral,Neutral,Neutral,Neutral,Neutral,Positive,Positive,Neutral,Neutral,Neutral,Positive,Positive
2025-01-09,135.91000366210938,-0.029976425165555876,-0.030434903827009648,140.37999834333147,4.4161825268868355,0.2340375714285714,0.2340375714285714,0.2864282890269151,0.3119199134161491,0.3338490016464557,0.3423199611525189,0.16878520511096168,0.16878520511096168,0.20175347428116497,0.4894542770425866,0.4840659183593769,0.5556962213829905,Neutral,Negative,Neutral,Neutral,Neutral,Neutral,Neutral,Negative,Negative,Neutral,Neutral,Positive
2025-01-10,135.91000366210938,-0.029976425165555876,-0.030434903827009648,140.37999834333147,4.4161825268868355,0.2354536666666666,0.2354536666666666,0.2510772793650793,0.2890011467494824,0.3055413191067732,0.3487504278191856,0.34461892484914974,0.34461892484914974,0.3024495644882272,0.3788832902281841,0.3988816044516699,0.5556962213829905,Neutral,Neutral,Neutral,Negative,Neutral,Neutral,Positive,Neutral,Neutral,Neutral,Neutral,Positive
2025-01-11,133.22999572753906,-0.019718989495675188,-0.0199160030085516,140.22857012067522,4.864424715697594,0.1722523333333333,0.1722523333333333,0.2139145238095238,0.253398173416149,0.2810436524401065,0.315472961152519,0.46335687573042456,0.46335687573042456,0.3255870018968454,0.2826472446846139,0.4650353122560724,0.5021119089560329,Negative,Neutral,Negative,Negative,Negative,Neutral,Neutral,Neutral,Neutral,Negative,Neutral,Neutral
2025-01-12,133.22999572753906,-0.019718989495675188,-0.0199160030085516,140.22857012067522,4.864424715697594,0.369345,0.369345,0.259017,0.2589658342857143,0.2838004381543922,0.3113994011525189,0.9824147398843931,0.9824147398843931,0.5967968468213226,0.4706240618158999,0.4771697238222483,0.5178851968979605,Neutral,Positive,Neutral,Neutral,Negative,Neutral,Neutral,Positive,Neutral,Neutral,Neutral,Positive
2025-01-13,133.22999572753906,-0.019718989495675188,-0.0199160030085516,140.22857012067522,4.864424715697594,0.216675,0.216675,0.2527574444444445,0.2455527142857143,0.2647158381543922,0.2897061567080745,0.5550640522875817,0.5550640522875817,0.6669452226341331,0.5028479595725022,0.42153071651357765,0.4793006899064089,Negative,Neutral,Negative,Neutral,Negative,Negative,Neutral,Neutral,Positive,Neutral,Neutral,Neutral
2025-01-14,131.75999450683594,-0.011033560518228458,-0.011094881725106562,139.29285539899553,5.365263184471757,0.3596313333333333,0.3596313333333333,0.3152171111111111,0.2706714666666666,0.2673050721088436,0.2912956900414079,0.6742991803278688,0.6742991803278688,0.7372593241666147,0.6039507546158835,0.5117833630992784,0.546702515829235,Neutral,Neutral,Neutral,Neutral,Neutral,Neutral,Neutral,Neutral,Positive,Positive,Neutral,Positive
2025-01-15,136.24000549316406,0.034001299127981444,0.03343603249548819,138.1171417236328,5.406176238008165,0.3151688,0.3151688,0.2971583777777778,0.2866144933333333,0.2717948149659864,0.2878078200414079,0.09991462788708298,0.09991462788708298,0.4430926201675112,0.5550098952234703,0.4697790865824946,0.46694659272582717,Neutral,Negative,Neutral,Neutral,Neutral,Neutral,Neutral,Negative,Neutral,Neutral,Neutral,Neutral
2025-01-16,133.57000732421875,-0.019597754413473556,-0.019792336850869553,135.85142953055245,5.471234552466149,0.319585625,0.319585625,0.3314619194444445,0.3160811516666667,0.2840159654761905,0.2847396625414078,0.060309985475671755,0.060309985475671755,0.2781745978968746,0.47440051717251974,0.4542826266345961,0.37852388092856676,Neutral,Negative,Neutral,Neutral,Neutral,Neutral,Neutral,Negative,Negative,Neutral,Neutral,Neutral
2025-01-17,137.7100067138672,0.030994977634457133,0.03052433366937596,135.50428771972656,5.4746086663494955,0.2191469999999999,0.2191469999999999,0.2846338083333333,0.2860415516666666,0.2816864416666667,0.2725036929761905,0.0037637805684071378,0.0037637805684071378,0.054662797977054034,0.2786703253093225,0.40558903459449,0.3746471935626111,Negative,Negative,Negative,Neutral,Neutral,Neutral,Negative,Negative,Negative,Negative,Neutral,Negative
2025-01-18,140.8300018310547,0.02265627016975036,0.022403428719140216,135.60714503696985,5.125492501837588,0.3491186666666666,0.3491186666666666,0.2959504305555556,0.3125302849999999,0.3069530607142857,0.2790414996428572,0.005416481069042316,0.005416481069042316,0.023163415704373812,0.16874081106561464,0.34016897821429254,0.3357943853190584,Neutral,Negative,Neutral,Neutral,Neutral,Neutral,Neutral,Negative,Negative,Negative,Negative,Negative
2025-01-19,140.8300018310547,0.02265627016975036,0.022403428719140216,135.60714503696985,5.125492501837588,0.375024,0.375024,0.3144298888888889,0.3156088183333333,0.3077643464285714,0.2931401425,0.14765294117647057,0.14765294117647057,0.05227773427130675,0.06341156323533499,0.22091729268458932,0.3336811589256093,Neutral,Negative,Neutral,Neutral,Neutral,Neutral,Neutral,Negative,Negative,Negative,Negative,Negative
2025-01-20,140.8300018310547,0.02265627016975036,0.022403428719140216,135.60714503696985,5.125492501837588,0.572159,0.572159,0.4321005555555556,0.3670068583333333,0.358547775,0.3268106758333333,0.7845,0.7845,0.31252314074850435,0.2003286376579184,0.2536938566435062,0.3776692664406943,Positive,Positive,Positive,Positive,Positive,Positive,Neutral,Positive,Neutral,Negative,Negative,Neutral
2025-01-21,140.8300018310547,0.02265627016975036,0.022403428719140216,135.60714503696985,5.125492501837588,0.2760303333333333,0.2760303333333333,0.4077377777777778,0.3582958,0.346604775,0.3371884758333333,0.556119332012454,0.556119332012454,0.49609075772964156,0.29949050696527485,0.2368110211698755,0.3869455120688972,Neutral,Neutral,Neutral,Positive,Positive,Neutral,Neutral,Neutral,Neutral,Negative,Negative,Neutral
2025-01-22,147.07000732421875,0.044308779464831805,0.04335521150128541,137.20143127441406,4.558196214444796,0.406339625,0.406339625,0.4181763194444445,0.395734325,0.3596291785714285,0.3408879383333333,0.7284053333333333,0.7284053333333333,0.6896748884485958,0.4444188175182601,0.326595407662197,0.36154457141379126,Positive,Neutral,Positive,Positive,Positive,Positive,Neutral,Neutral,Positive,Neutral,Negative,Negative
2025-01-23,147.22000122070312,0.0010198809343477944,0.0010193612091295486,139.20000348772322,5.449438364254335,0.2816016,0.2816016,0.3213238527777778,0.3822309116666667,0.3542028892857143,0.3473805983333333,0.6482996983625395,0.6482996983625395,0.6442747879027757,0.5729954609769596,0.4105939380746067,0.370868136021287,Neutral,Neutral,Neutral,Neutral,Positive,Positive,Positive,Neutral,Positive,Neutral,Neutral,Negative
2025-01-24,142.6199951171875,-0.031245795852287594,-0.03174435855861651,140.75143214634485,5.594613909736531,0.36642725,0.36642725,0.3514561583333333,0.3805115616666666,0.3752429249999999,0.34806019,0.2637763546798029,0.2637763546798029,0.546827128791892,0.596220143677626,0.4477385915190918,0.32981585345648046,Neutral,Neutral,Neutral,Neutral,Positive,Positive,Positive,Neutral,Neutral,Positive,Neutral,Negative
2025-01-25,118.41999816894531,-0.16968165598629859,-0.185946104722384,138.2057168143136,8.509233246177546,0.4261593333333333,0.4261593333333333,0.3580627277777777,0.3513116283333333,0.3862487345238095,0.3591592433333333,0.599492610250298,0.599492610250298,0.5038562210975469,0.5592186657276856,0.5326066099735569,0.379773651692802,Positive,Neutral,Positive,Neutral,Neutral,Positive,Positive,Neutral,Neutral,Neutral,Neutral,Neutral
2025-01-26,118.41999816894531,-0.16968165598629859,-0.185946104722384,138.2057168143136,8.509233246177546,0.35890575,0.35890575,0.3838307777777778,0.3678867116666666,0.3839461273809523,0.3630912558333333,0.3791729896907216,0.3791729896907216,0.4141473182069409,0.5238293972633391,0.5656809026184499,0.4116599521143069,Neutral,Neutral,Neutral,Positive,Positive,Positive,Positive,Neutral,Neutral,Neutral,Neutral,Neutral
2025-01-27,118.41999816894531,-0.16968165598629859,-0.185946104722384,138.2057168143136,8.509233246177546,0.2015897142857143,0.2015897142857143,0.3288849325396826,0.3269367295238095,0.3310076579931973,0.3613355272619047,0.7866395834583758,0.7866395834583758,0.5884350611331319,0.5354762472883476,0.5659865573982179,0.48994753240330374,Negative,Positive,Negative,Neutral,Neutral,Neutral,Positive,Positive,Neutral,Neutral,Neutral,Neutral
2025-01-28,128.99000549316406,0.08925863441695814,0.08549731292175924,137.55143083844865,8.810883143977474,0.216508,0.216508,0.2590011547619048,0.3139180095238095,0.3225044675170068,0.348074460595238,0.049886985030571374,0.049886985030571374,0.4052331860598897,0.415793704621954,0.49366765068652035,0.49439458279945675,Negative,Negative,Negative,Neutral,Neutral,Neutral,Positive,Negative,Neutral,Neutral,Neutral,Neutral
2025-01-29,123.69999694824219,-0.04101099557827548,-0.041875669835207484,135.5500008719308,9.618513535207756,0.2436667857142857,0.2436667857142857,0.2205881666666667,0.2893659166666666,0.2992654904761904,0.3349387391666666,0.19878887357589123,0.19878887357589123,0.34510514735494624,0.40279620840117164,0.41800815643545725,0.4995081760393988,Neutral,Neutral,Neutral,Negative,Neutral,Neutral,Neutral,Neutral,Neutral,Neutral,Neutral,Neutral
2025-01-30,124.6500015258789,0.007679907850233869,0.007650567483068875,133.23857225690568,10.217414239716026,0.2914615,0.2914615,0.2505454285714286,0.26242635,0.3006740476190476,0.3068689891666666,0.2785302968270215,0.2785302968270215,0.17573538514449485,0.33860374571651636,0.36518395621609745,0.44891120572210097,Neutral,Neutral,Neutral,Negative,Neutral,Neutral,Neutral,Neutral,Negative,Neutral,Neutral,Neutral
2025-01-31,120.06999969482422,-0.03674289430396693,-0.037434918709895966,129.38142830984933,11.195738493388657,0.040066,0.040066,0.1917314285714286,0.1986584,0.2540510119047619,0.2832725558333333,-0.11583306954659715,-0.11583306954659715,0.12049536695210535,0.23960253386905256,0.31095403846946895,0.3817159655661958,Negative,Negative,Negative,Negative,Negative,Negative,Neutral,Negative,Negative,Negative,Negative,Neutral
2025-02-01,116.66000366210938,-0.028400066972448235,-0.02881115078418399,125.01571437290737,12.174613650371954,0.17407,0.17407,0.1685325,0.1931544571428571,0.21803825,0.2600455933333333,-0.11583306954659715,-0.11583306954659715,0.12049536695210535,0.23960253386905256,0.31095403846946895,0.3817159655661958,Negative,Negative,Negative,Negative,Negative,Negative,Negative,Negative,Negative,Negative,Negative,Neutral
2025-02-02,116.66000366210938,-0.028400066972448235,-0.02881115078418399,125.01571437290737,12.174613650371954,0.1204571249999999,0.1204571249999999,0.1115310416666667,0.1739442821428571,0.1839741607142857,0.2439311458333333,0.0,0.0,0.05423240909347495,0.08227461717737744,0.2253122370051406,0.3088754322328625,Negative,Negative,Negative,Negative,Negative,Negative,Negative,Negative,Negative,Negative,Negative,Negative
2025-02-03,116.66000366210938,-0.028400066972448235,-0.02881115078418399,125.01571437290737,12.174613650371954,0.3429807142857143,0.3429807142857143,0.2125026130952381,0.1938070678571428,0.204172875,0.2415864922619048,0.13091242236024844,0.13091242236024844,0.0050264509378839155,0.09847970464331286,0.18984644167221587,0.2571367046326334,Neutral,Negative,Neutral,Negative,Negative,Negative,Negative,Negative,Negative,Negative,Negative,Negative
2025-02-04,118.6500015258789,0.01705809875965114,0.016914243025314996,121.59142957414899,12.209784653348487,0.1953639333333333,0.1953639333333333,0.2196005908730159,0.1745875545238095,0.201152294047619,0.2185069522619047,-0.052722986822840406,-0.052722986822840406,0.02606314517913617,0.04817733256356653,0.06993750306061357,0.22548677048236904,Negative,Negative,Negative,Negative,Negative,Negative,Negative,Negative,Negative,Negative,Negative,Negative
2025-02-05,124.83000183105469,0.05208596903243912,0.05077483058923719,122.50714438302177,10.405329577223807,0.3876905,0.3876905,0.3086783825396826,0.2441124545238095,0.2217271103741496,0.2213854272619047,0.12752975352112678,0.12752975352112678,0.06857306301951176,0.01797722390238759,0.08102932713069291,0.17829048480945192,Neutral,Negative,Neutral,Neutral,Negative,Negative,Negative,Negative,Negative,Negative,Negative,Negative
2025-02-06,128.67999267578125,0.030841871250928632,0.03037581912139639,122.46285683768136,7.590214306102963,0.2390458333333333,0.2390458333333333,0.2740334222222222,0.2571076211904762,0.2142391579931972,0.2251310391666666,0.0,0.0,0.02493558889942894,0.04114383781170702,0.05263091661985131,0.14037318584037975,Neutral,Negative,Neutral,Neutral,Negative,Negative,Negative,Negative,Negative,Negative,Negative,Negative
2025-02-07,128.67999267578125,0.030841871250928632,0.03037581912139639,122.46285683768136,7.590214306102963,0.39443625,0.39443625,0.3403908611111112,0.3119034461904762,0.2648634794217687,0.2429238641666666,0.0,0.0,0.02493558889942894,0.04114383781170702,0.05263091661985131,0.14037318584037975,Neutral,Negative,Neutral,Neutral,Neutral,Negative,Negative,Negative,Negative,Negative,Negative,Negative
